,User,Tweet
0,SneakyTurts,God of War (2018) - This game was so FUCKING AWESOME. Itâ€™s most definitely my new favorite video game of all time https://t.co/YhIJYBampy
1,LagrangianBoink,"RT @LackOfView: During the day his arm is at the war god's service,
With a quickened heart, though war is not why he's nervous,
Restless niâ€¦"
2,wayneda34941611,"RT @MarshaBlackburn: Honored to meet Middle Tennesseeâ€™s Honor Flight â€” comprised of over 2 dozen veterans who served in WWII, the Korean Waâ€¦"
3,Richard11188374,"@Nibellion @Thumbreakur @Captain_Phyco @manfightdragon Maybe when they launch a Remake of Bloodborne or a secuel, because Sony are launching titles on PC when they have a Playstation exclusive secuel in the horizon (God of War, Horizon Zero Dawn, Spiderman, Death Stranding,...) or was a experimental new IP (Days Gone, Returnal,...)"
4,All100Senators,"RT @MarshaBlackburn: Honored to meet Middle Tennesseeâ€™s Honor Flight â€” comprised of over 2 dozen veterans who served in WWII, the Korean Waâ€¦"
5,mark_fraenkel,"RT @MarshaBlackburn: Honored to meet Middle Tennesseeâ€™s Honor Flight â€” comprised of over 2 dozen veterans who served in WWII, the Korean Waâ€¦"
6,MarshaBlackburn,"Honored to meet Middle Tennesseeâ€™s Honor Flight â€” comprised of over 2 dozen veterans who served in WWII, the Korean War, and Vietnam.

We owe a tremendous debt of gratitude to these heroes for their service and continued dedication to our country. 

May God bless them ğŸ‡ºğŸ‡¸ https://t.co/hprUAivuPi"
7,LackOfView,"During the day his arm is at the war god's service,
With a quickened heart, though war is not why he's nervous,
Restless night: tossed and turned with an image in preserve,
Her fairness in mind, thinking of how he is to serve."
8,StevenBro_28,RT @SurvivorQuotesX: Oh my God. Thank you #Survivor This season has freaking delivered so far! Every ball has been hit out of the park. I hâ€¦
9,JuankandaJuan,"@DaviXander_ @macishish Iâ€™d say theyd love to do it but the pandemic made their resources scarce enough to just make base consoles.

You can tell they wanted to with the God of War and Horizon launches, especially GoWR. Thatd sold like crazy. They could only muster a controller though :\"
10,Manwar_Speaks,"The young boy looked up eagerly at the old cleric and asked ""Do you serve the god of thunder, or war, or perhaps the moon and stars?"". ""No"" the cleric replied. ""What then, does your god do?"" asked the youngster. https://t.co/AIstEk0oNp"
11,JulianEsq01,RT @SindyJ_B: God Of War - PC https://t.co/JZyMvXPRJA
12,betlax29,RT @NicolaSaviori: Kratos. Can't wait to play God of war Ragnarok #GodofWarRagnarok #Kratos https://t.co/LloDsmoBY7
13,RedEaglePrime,@NVIDIAGeForce @Palit_Global God of War
14,belleincauthor,"RT @ChristIsComing5: On the precipice of war, famine and pestilence. Make sure you have received Christ as your Savior by believing the gosâ€¦"
15,_LeighM_O,RT @Seneca4Mayor: Rule of law is lost. God save Oakland. Praying for the families of all involved. Our children have become soldiers in a wâ€¦
16,leosun4u,RT @AdamKinzinger: You can hear the desperation in the voices of these Russian mouthpieces.  â€œPlease oh God Please just end this war! Ya ouâ€¦
17,lwonardogp,Quem criou a regressada do god of war tem q queimar no no inferno o bicha chata de matar
18,Bondo__s,"@ZelenskyyUa @eucopresident what progress man , for the love of God, what progress???
u're at war 
You're ENTIRE NATION IS AT WARRRRRR
What progress man ?"
19,heyimmarci,RT @SurvivorQuotesX: Oh my God. Thank you #Survivor This season has freaking delivered so far! Every ball has been hit out of the park. I hâ€¦
20,Athena_kbot,"ì œìš°ìŠ¤ê°€ ëª¨ë“  ì•…ì„ ëª¨ì•„ ìƒìì— ë„£ì—ˆì„ ë•Œ, ë‚˜ëŠ” ìƒìê°€ ì—´ë¦¬ë©´ ë¬´ìŠ¨ ì¼ì´ ë²Œì–´ì§ˆì§€ ê±±ì •ëì–´. #Athena #God_of_War"
21,Helios_kbot,ì•„í‹€ë¼ìŠ¤ì—ê²Œì„œ êµ¬í•´ì¤€ ê²ƒì²˜ëŸ¼. ë‚˜ì¤‘ì— ê¼­ í¬ê²Œ ë³´ë‹µí• ê²Œ. #Helios #God_of_War
22,Gaia_kbot,"ê·¸ë¦¬ê³ , ê²°êµ­ í¬ë ˆí† ìŠ¤ëŠ” ì „ìŸì˜ ì‹ ìœ¼ë¡œ ë“±ê·¹í•˜ì§€ë§Œ ê·¸ëŠ” ê°€ì¡±ì— ëŒ€í•œ ì•…ëª½ì— ì‹œë‹¬ë¦°ë‹¤. #Gaia #God_of_War"
23,Ares_kbot,ê·¸ë¬ë‹¤ë©´ ë” ê°•í•´ì¡Œì„ ê±°ë‹¤. #Ares #God_of_War
24,MysticMsa3d,RT @NicolaSaviori: Kratos. Can't wait to play God of war Ragnarok #GodofWarRagnarok #Kratos https://t.co/LloDsmoBY7
25,Cody67062222,RT @SurvivorQuotesX: Oh my God. Thank you #Survivor This season has freaking delivered so far! Every ball has been hit out of the park. I hâ€¦
26,nitasu987,RT @SurvivorQuotesX: Oh my God. Thank you #Survivor This season has freaking delivered so far! Every ball has been hit out of the park. I hâ€¦
27,PaulRman,"@mangunonmarkets ""the god of war""ğŸ˜†ğŸ˜†ğŸ˜†"
28,emiii750,RT @HeavenlyControl: This God of War Ragnarok trailer go me so hyped ğŸ˜© https://t.co/O223xxv8XL
29,AhmaJasto,"RT @DigiSliceMedia: ğŸ®God of War Ragnarok PlayStation 5 DualSense controller is available for preorder on Amazon, GameStop, and Best Buy butâ€¦"
30,Eder_SSilveira,EderSSilveira played God of War (PS4) in the last 24 hours https://t.co/NMuysZGsoY #exophase
31,Pangalan1989,RT @GameSpot: Limited-edition God of War PS5 controller is available to preorder https://t.co/CZrtmQ8YZ0 https://t.co/DlMHPPDLki
32,NegroxSpiritual,RT @DotPone: God of War https://t.co/b5tL4TqDSf
33,SurvivorQuotesX,Oh my God. Thank you #Survivor This season has freaking delivered so far! Every ball has been hit out of the park. I havenâ€™t yelled at my TV like this (in a good way) since Winners At War!
34,BPulluiam22,@SMGxPrincessirl God of war Ragnarok
35,awhitetable,"RT @Lauren66793666: #BOTD 1926 â€“ 1991 Aldo Ray, 64, US actor. 

Film debut: The Marrying Kind (1952) * Pat and Mike * Miss Sadie Thompson *â€¦"
36,Expat_Matt,"@GhostofThaddeus It hurts he's become so daffy.

I fondly remember his cameo in God of War III."
37,jwpeltier,RT @AdamKinzinger: You can hear the desperation in the voices of these Russian mouthpieces.  â€œPlease oh God Please just end this war! Ya ouâ€¦
38,FrxmShadxws,@Gay_God_of_War WOO
39,Gay_God_of_War,@FrxmShadxws SO TRUE BESTIE. Those are all great movies!!! (I love wall-e sjfjsjfjs)
40,mlgdm17,RT @DENISSS98945260: Scythian God of War by @the_danil_arts https://t.co/7hySGJiI0g
41,NoahTho96655172,@parkerlucks Looking like Sindri from God of War https://t.co/HOYyBhNTK5
42,FrxmShadxws,"@Gay_God_of_War Into the Spiderverse, Big hero 6, and Wall-e (wall-e bc of nostalgia)"
43,ui_sloth,I CANNOT WAIT for God of War Ragnarok. #GodofWar #GodOfWarRagnarok #Hyped
44,unlinkednode,@splungekik Are you playing on Give Me God of War?
45,ChaseJSuddarth,"RT @JankAssPodcast: The Jank vs. God of War 3 
Pandora! I care now!

https://t.co/jncENBQlFa"
46,MeiWong93252941,"@nswpolice March 1942 the end of First Opium War, Treaty of Nanking was signed in August 1842 Qing gov of China ceded Hong Kong=India O result for nearly 100 years.India's armies unite to sacrifice living to its ancestors and god. 
In First battle of TongguåŒå¤ğŸ‘‰same ancient times"
47,NotteBrokenDex,The God of War from the miasma eating away at him. While his love for his combat expertise. He walks the path of vengeance alongside his angel Michael.
48,Gay_God_of_War,@FrxmShadxws hmm movies ğŸ‘€
49,JankAssPodcast,"The Jank vs. God of War 3 
Pandora! I care now!

https://t.co/jncENBQlFa"
50,baseballbalker,RT @AdamKinzinger: You can hear the desperation in the voices of these Russian mouthpieces.  â€œPlease oh God Please just end this war! Ya ouâ€¦
51,G4m3rR3up,RT @SindyJ_B: God Of War - PC https://t.co/JZyMvXPRJA
52,G4m3rR3up,RT @DotPone: God of War https://t.co/b5tL4TqDSf
53,1_HelloToAll,@miyuki_frost @SulivenGAMING C'est un bon jeu d'action Ã  la god of war. J'ai juste fait le premier sur ma PS3 et j'avais bien apprÃ©ciÃ©.
54,freakhand06,@PlayStation_BR SÃ³ platinei dois jogos atÃ© hj: Batman Arkham Asylum e God of War 3
55,mesh_sparta,RT @BlueGamingSA: Ø§Ù„ØªØ­Ù…ÙŠÙ„ Ø§Ù„Ù…Ø³Ø¨Ù‚ Ù„Ù„Ø¹Ø¨Ø© God of War Ragnarok ÙŠØ¨Ø¯Ø£ Ø¨ØªØ§Ø±ÙŠØ® 2 Ù†ÙˆÙÙ…Ø¨Ø± [ Ù‚Ø¨Ù„ ØµØ¯ÙˆØ± Ø§Ù„Ù„Ø¹Ø¨Ø© Ø¨Ø£Ø³Ø¨ÙˆØ¹ ]. Ù…Ù† Ø§Ù„Ù…ØªÙˆÙ‚Ø¹ Ø£ÙŠØ¶Ù‹Ø§ Ø§Ù†Ø·Ù„Ø§Ù‚ Ù…Ø±Ø§Ø¬Ø¹Ø§Øªâ€¦
56,KirbyZeii,"@Rastallanfayaa @ELMATHARI03 @ToN2s95 @JulienChieze Je parlais pas de ressenti personnel mais de faits artistique, câ€™est triste Ã  dire mais si god of war a autant de fans Câ€™est en partie pcq câ€™est un jeu mainstream et non pour le qualitatif."
57,Tushar336788881,"RT @ChinarcorpsIA: â€œğğ¥ğ¨ğ¨ğ, ğ†ğ®ğ­ğ¬ &amp; ğ†ğ¥ğ¨ğ«ğ²â€

A toast to all the Gunners, to their fighting spirit &amp; their Guns.
Saluting the â€œGod of Warâ€.
Wisâ€¦"
58,brandondavis104,@NVIDIAGeForce @Palit_Global God of war
59,G4m3rR3up,RT @_rudeboy808_: God of War | Kara https://t.co/uKXMLOPQHl
60,edfranks,"Bravo. Lyman must fall soon, please God!? If so, then the whole line will crumble in 24 hours all the way back to the itty-bitty chicklet state of LNR that existed before the war started, or maybe even all the way to Russian border?! https://t.co/epASGd4VKu"
61,SnarkyLord,RT @DotPone: God of War https://t.co/b5tL4TqDSf
62,YVNGKVNG2017,"RT @ossamaphotomode: 43 Days Left for 
God of War Ragnarok https://t.co/1fP0DzF1Xs"
63,AlexPol1547116,@JAAY_ROCK_ Laughs in God Of War Ragnarok ğŸ¤£
64,EspeciallyNo,@DonutOperator Try God of War if you can. Or Assassins Creed
65,AseanDawn,"RT @DigiSliceMedia: ğŸ®God of War Ragnarok PlayStation 5 DualSense controller is available for preorder on Amazon, GameStop, and Best Buy butâ€¦"
66,BechardClem,"I hope this country was not stupid enough to blow up the north strum 2 pipeline? I canâ€™t see why Putin would do it. Also those pipe Lines are pretty far down , 200 feet or so. They picked up two explosions also. I pray to God this does not keep escalating into a war of wars!"
67,RJcosmic,"RT @ohthatnatalie: HELLO IS THIS THING ON!?

i'm back from my Very Busy Week â„¢ï¸ and it's finally time for catch ups and video games!!

comeâ€¦"
68,Gay_God_of_War,"RT @seasicksilver: Mirror Mirror 
#RWBY #RWBYfanart https://t.co/4dDh5laJ5T"
69,watchingwaiti11,RT @AdamKinzinger: You can hear the desperation in the voices of these Russian mouthpieces.  â€œPlease oh God Please just end this war! Ya ouâ€¦
70,MaterDel,"ï¼ I am a BIG God of War fan, it's other games have always been goated to me."
71,nicksmemesquad2,@KaptainKuba do u think Sleipnir the eight-legged horse that run through all the worlds. Will be in god of war ragnorok https://t.co/Kvbi9v2Kme
72,Religious4Pizza,"God of War Ragnarok and Sony are breathing a sigh of relief after Skull and Bones got delayed.
Now they'll be able to sell 20,000,000 copies instead of 19,999,990 copies. Congrats, you got lucky!
But as one of the 10 fans of Skull and Bones, I am devastated."
73,Elvarsi,"@Ti_Cail50 @AngryJoeShow God of war was one day away from release of skull and bones, probably just that"
74,crowkids,"@mowochi sy tenderly wiping rainwater from lqg's cheeks and smiling reassuringly at him in the flickering light of their fire talisman and the whole time he's thinking ""this is such a crock of shit why would the bai zhan war god be scared of lightning, AIRPLANE"""
75,sarigualweyenti,"RT @RealHauleGluck: I am a plain ordinary human in the service of other humans: Jesus Christ called us to â€˜serveâ€™, you cannot serve both Goâ€¦"
76,wellingt1211,@fernanda_mineto NÃ£o espera god of war
77,SallynJack96,RT @HowLongToBeat: It takes on average 20.5 hours to beat God of War (51 hours for completionists). https://t.co/9xS9hwImnn https://t.co/Yqâ€¦
78,YourAntiChri5t,"So while I liked God of War. Just in my opinion. Literally everything I've seen from PortAvaWaBro and #HogwartsLegacy has looked way more fun, detailed, expansive and promising. I'm gonna enjoy both. But HL was definitely NOT scared of GOWR. Feel free to post funny memes though."
79,JaredMayes3,"RT @Farore5: â€œI have a crush on every God of War!â€
ğŸ¹ğŸ¹ğŸ¹ğŸ¹  ğŸ¹ğŸ¹ğŸ¹ğŸ¹ğŸ¹ğŸ¹ https://t.co/zLMaFaEreg"
80,Canc3ll4,"@im_polarizado Realmente.
Muda a cor do Goku de Dragon Ball.
Ou do Kratos de God Of War.
Ou do Gunball de IncrÃ­vel Mundo De Gumball.
Ou da branca de neve.
Qualquer personagem conhecido com uma aparÃªncia diferente da original fica estranho.
MilitÃ¢ncia chata da porra"
81,kahlan_v,"Chismesito y God of War. Â¿QuÃ© estÃ¡s esperando?ğŸ˜ˆ
ğŸ‘‡ğŸ‘‡ğŸ‘‡
https://t.co/aP8ArvU1sw"
82,Rich_Bobbe,@killakow I started God of War. #BranchingOut
83,SolidSn51607941,@Jake_Randall_YT Do you think the god of war controller will go back up ?
84,TheDarkDevil_,RT @DotPone: God of War https://t.co/b5tL4TqDSf
85,L_Sgfrd,RT @NicolaSaviori: Kratos. Can't wait to play God of war Ragnarok #GodofWarRagnarok #Kratos https://t.co/LloDsmoBY7
86,respawnador,"@Nightt67 Essa Ã© aquela tal sÃ­ndrome de chamar jogos old de ruins? Imagino que quando sair um possÃ­vel Uncharted 5, provavelmente vocÃª dirÃ¡ que Ã© a melhor saga de todas.

Aconteceu com God Of War antes de 2018, diziam que estava chato e ninguÃ©m queria uma sequÃªncia, mas ora, vejam sÃ³... https://t.co/ZwGCGbovXt"
87,sperlock222,"RT @sperlock222: EXTREME TRUTHS TRAVEL INFINITLY CLOSE TO,AND YET REMAIN  INFINITLY DISTANT FROM THE EVILS OF WAR!!! ""EXTREME TRUTHS ARE LIâ€¦"
88,L_Sgfrd,RT @DotPone: God of War https://t.co/b5tL4TqDSf
89,PowerBImc,"@DrPaulGosar @aznvyr @RealMarkFinchem @DebbieLesko @azaustinsmith Many believe you should be jailed.  Maybe evidence will surface.?  What kind of leader propagates war against any citizen of our country?  I much disagree with your opinions and actions, but I donâ€™t wish you physical harm.  I only wish God would fix your brain, if able to."
90,samiiiiiuyk,"odeio nerdola, mas quando ele fala sobre god of war ğŸ¥°ğŸ¥°ğŸ¥°ğŸ¥°ğŸ¥°"
91,ManuBha11896800,"RT @ChinarcorpsIA: â€œğğ¥ğ¨ğ¨ğ, ğ†ğ®ğ­ğ¬ &amp; ğ†ğ¥ğ¨ğ«ğ²â€

A toast to all the Gunners, to their fighting spirit &amp; their Guns.
Saluting the â€œGod of Warâ€.
Wisâ€¦"
92,ArnoldOrsia,"""The Invincible God of War"" is an absolutely perfect comic! It's living rent free in my head!
 
#Mystery #mangacommunity #artist

https://t.co/Qq3F1jYye4 https://t.co/yYAMng34aa"
93,ElGatoJedi1991,RT @HeavenlyControl: This God of War Ragnarok trailer go me so hyped ğŸ˜© https://t.co/O223xxv8XL
94,saint_ck,"@NickOfTimeGames Yep! I thought God of War was just hyped up from fans. It ranks among the best games I've ever played, and one of my favorites so far"
95,Agustin09759520,"RT @dannk__1: Solo necesito 2 cosas para ser feliz, alguien q me abrace y me haga mimitos en el pelo y el nuevo god of war ragnarok, y unaâ€¦"
96,Zombie_Upriser,Yea and God of War is coming to Google Stadia and Amazon Luna https://t.co/lPoR1qFJ3Z
97,rendimood,RT @AdamKinzinger: You can hear the desperation in the voices of these Russian mouthpieces.  â€œPlease oh God Please just end this war! Ya ouâ€¦
98,Zack_smith321,"@IronPineapple_ That should change in the next coming year. God of war ragnarok, callisto protocol, dead space remake, final fantasy 16, forspoken, lords of the fallen, resident evil 4 remake"
99,sephirothdav,"RT @LevelUPcom: Â¿SE ATREVERÃN? ğŸ˜± Fans quieren que Jesucristo y el cristianismo sean introducidos en #GodOfWar

https://t.co/BtIiom2KmF"
100,bsd6CMbBWPH6sxD,"RT @PlayStation_jp: PS5â„¢/PS4Â®ã€ã‚´ãƒƒãƒ‰ãƒ»ã‚ªãƒ–ãƒ»ã‚¦ã‚©ãƒ¼ ãƒ©ã‚°ãƒŠãƒ­ã‚¯ã€ãŒ2022å¹´11æœˆ9æ—¥(æ°´)ã«ç™ºå£²ï¼ 
çœŸå®Ÿã‚’æ±‚ã‚ã¦ã‚¯ãƒ¬ã‚¤ãƒˆã‚¹ã¨ã‚¢ãƒˆãƒ¬ã‚¦ã‚¹ã¨å…±ã«åŒ—æ¬§ç¥è©±ã®å£®å¤§ãªå†’é™ºã¸ã€‚æ–°ãŸãªç¥ã€…ã‚„æ€ªç‰©ã«ç«‹ã¡å‘ã‹ã„ã€ç¾ã—ãä¹ç•Œã‚’å·¡ã‚Œã€‚
https://t.co/NXâ€¦"
101,Coben__,RT @NicolaSaviori: Kratos. Can't wait to play God of war Ragnarok #GodofWarRagnarok #Kratos https://t.co/LloDsmoBY7
102,suguruzito,to acreditando fielmente que god of war vai ser igual ou melhor que the last of us II
103,DavidCBismarck,"@LizGT9 @adamfare1996 My biggest problem was the idea that Jesus died to save us but God kept sending pestilence and war and famine. If he was a loving God, why did so many have to suffer? Part of that was my own suffering with bullying, emotional abuse, and autism as a child. I understand your POV."
104,GrandmasterSP,"@bemoldemarmol En este caso SI hay que jugar al primero para jugar al segundo, es como jugar God Of War Raganarok, sin haber jugado el anterior."
105,Luisosgo,RT @HeavenlyControl: This God of War Ragnarok trailer go me so hyped ğŸ˜© https://t.co/O223xxv8XL
106,gabbi_almeidaf,God of War III se resume em matar deuses
107,yemiAlemey,"RT @RealHauleGluck: I am a plain ordinary human in the service of other humans: Jesus Christ called us to â€˜serveâ€™, you cannot serve both Goâ€¦"
108,fightforbusines,"RT @TCMF2: Preorder locked in 

- PS5 | PlayStation | God of War Ragnarok https://t.co/UjBw7EkBWN"
109,Aphrodite_botkr,ë‹¤ì‹œ ë„¤ê²Œ ë¬»ê² ë‹¤. í¬ë ˆí† ìŠ¤..... ë‚˜ë‘ ìˆì„ ê±°ì§€~? #Aphrodite #God_of_War
110,hephaestus_kbot,íŒë„ë¼ëŠ” ê±´ë“œë¦¬ì§€ ë§ˆ! í¬ë ˆí† ìŠ¤! #Hephaestus #God_of_War
111,ClaudePro3,RT @AdamKinzinger: You can hear the desperation in the voices of these Russian mouthpieces.  â€œPlease oh God Please just end this war! Ya ouâ€¦
112,guleria_kaushal,"RT @ChinarcorpsIA: â€œğğ¥ğ¨ğ¨ğ, ğ†ğ®ğ­ğ¬ &amp; ğ†ğ¥ğ¨ğ«ğ²â€

A toast to all the Gunners, to their fighting spirit &amp; their Guns.
Saluting the â€œGod of Warâ€.
Wisâ€¦"
113,shyscarps,"god of war 3

sempre bom voltar"
114,Eiddoll,@NVIDIAGeForce @Palit_Global MW2 and God of War PC would play real fine https://t.co/oHVklHbNjL
115,spacegeek_,"God Of War Ragnarok.

#godofwarragnarok https://t.co/CckZI9lAEX"
116,XatakaMexico,Ubisoft retrasarÃ­a la navidad si pudiera. https://t.co/XcSu47YWJx
117,Hera_kbot,ì´ë“¤ì„ ì‚´ë¦¬ê¸° ìœ„í•´ ë‚œ ì˜¨ê°– í˜ì„ ì¼ë‹¨ ë§ì´ì•¼. #Hera #God_of_War
118,jscalita,RT @GameSpot: Limited-edition God of War PS5 controller is available to preorder https://t.co/Ep8yFL3Ki2 https://t.co/PmMFYbnSdw
119,Retweelgend,"RT @soulart18: God of war time!!!! Pull up yâ€™all â¤ï¸ğŸ™ŒğŸ¾
#twitchaffiliate 
#smallstreamers 
https://t.co/DdqHbkyKuc"
120,scieliel,Mercado Ã© muito god of war
121,picashotapp,"RT @RenanVP_Alt: God Of War - Road to RagnarÃ¶k
#GodofWar #GodofWarRagnarok #VGPWednesday https://t.co/pWEefEiJwl"
122,marcthedog24,@IronPineapple_ God of War Ragnarok is just 2 months away sooo yah
123,soulart18,"God of war time!!!! Pull up yâ€™all â¤ï¸ğŸ™ŒğŸ¾
#twitchaffiliate 
#smallstreamers 
https://t.co/DdqHbkyKuc"
124,PlusUltra02,@ElonsButler @Twitch30k God Of War
125,illdispens3r,"RT @PlayStation: Will Kratos and Atreus be bound by fate, or take control of their destiny? Watch the new God of War RagnarÃ¶k story trailerâ€¦"
126,Maycon40519191,"@tiradodobau God of War, mas tbm tem Black, Shadow of The Colossus, NFS Monst Wanted, Crash(quase todas as versÃµes do Ps2), cara que Ã©poca boa."
127,LGlobalcitizen,"@NinaByzantina This time, it is different. The blowback would not be limited to the battlefield. 

Donâ€™t be under any illusion, if ppl can take nuclear war like PS4 game with the idea that they can win, my god we are so screwed. 

Cost of tolerating stupidity In society and political class"
128,quantumleapPS4,@Switchtosml @yo @OrdinaryGamers Mike is the true God of War.
129,Abhishek07081,"RT @M0IZKHANN: @TheGTABase tbh this isn't even a debate. GTA 5 isn't even the best of GTAs story-wise, what makes it special is online. Onâ€¦"
130,gvobigdri,God of War Gameplay Ep 6:Our First Boss! https://t.co/dR8MALbBFs via @YouTube
131,TherealestWolfe,@NVIDIAGeForce @Palit_Global God of War baby!
132,Demon666J,"RT @MysticRyan: Watching everyone replay various God of War games ahead of RagnarÃ¶ks release just to see everyone say ""Yeah this still hitsâ€¦"
133,BenDoll32252933,RT @HeavenlyControl: This God of War Ragnarok trailer go me so hyped ğŸ˜© https://t.co/O223xxv8XL
134,nemityadav1,"RT @ChinarcorpsIA: â€œğğ¥ğ¨ğ¨ğ, ğ†ğ®ğ­ğ¬ &amp; ğ†ğ¥ğ¨ğ«ğ²â€

A toast to all the Gunners, to their fighting spirit &amp; their Guns.
Saluting the â€œGod of Warâ€.
Wisâ€¦"
135,SouthlakeIndep1,RT @AdamKinzinger: You can hear the desperation in the voices of these Russian mouthpieces.  â€œPlease oh God Please just end this war! Ya ouâ€¦
136,RigouLopez,"RT @LevelUPcom: Â¿SE ATREVERÃN? ğŸ˜± Fans quieren que Jesucristo y el cristianismo sean introducidos en #GodOfWar

https://t.co/BtIiom2KmF"
137,eliaxzzz,@Redsfusion yo en god of war
138,SBTonline,"RT @SBT_Games: CleitÃ£o sem concorrÃªncia?

O jogo de piratas da Ubisoft nÃ£o irÃ¡ competir com God of War RagnarÃ¶k

â¡ï¸https://t.co/TFvv0qKxVIâ€¦"
139,RobbieZiddee,@NicolaWillisMP The world  is experiencing the things you have mentioned. Such things happen in a pandemic. Or war! It's inevitable but by God most of us are alive. I dread to think how many people would have died if you and Luxon had been heading up the country.
140,Feyki9,"Estou vendendo god of war, homem aranha + o The wicher 3, 150$ tudo, chama dm com nÃºmero do wpp"
141,gapper122,RT @AdamKinzinger: You can hear the desperation in the voices of these Russian mouthpieces.  â€œPlease oh God Please just end this war! Ya ouâ€¦
142,HumstonShelly,"RT @ChristIsComing5: On the precipice of war, famine and pestilence. Make sure you have received Christ as your Savior by believing the gosâ€¦"
143,nyamimir,arttt3mis_ played God of War (PS4) in the last 24 hours https://t.co/fINhd0SU7v #exophase
144,Reno8204,@yosp If I pre ordered God of War and Hogwarts will I get points towards them? I am currently a ps plus member as well
145,GamingTimeC,"Mitch White #dreamspace #AEWDynamite

#gaming #Gameplay #MarvelsSpiderMan
MARVEL'S Spider-Man PC: God of War Kratos Mod Gameplay | 4K
.
.
.
WATCH: https://t.co/nMHaOI7zHZ"
146,Esop_off,"RT @Kiwii69100: ğŸ #CONCOURS ğŸ #GRATUIT ğŸ

TENTEZ DE GAGNER 
ğŸŒŸ GOD OF WAR RAGNÃ„ROK ğŸŒŸ SUR PlayStation 5 #CADEAU !!

Pour participer RT &amp; FOLLâ€¦"
147,Quantum1324,@DonutOperator God of war
148,BackWoodsPlayer,RT @HeavenlyControl: This God of War Ragnarok trailer go me so hyped ğŸ˜© https://t.co/O223xxv8XL
149,dapperdanman92,We out here grinding through God of War in preparation for Ragnarok come say hello https://t.co/lEL2EHjou8 #twitch #smallstreamers
150,kingdom_finder,"RT @KowabungaKody: When youâ€™re not feeling the best so you spend your day cleaning up God of War (2018) Trophies. 

#GodofWar #PS5 @corybarâ€¦"
151,linuswilson,RT @linuswilson: Did you try to pre-order the God of War Ragnarok PS5 controller on 9/27/22?
152,HaMoussier,"RT @Kiwii69100: ğŸ #CONCOURS ğŸ #GRATUIT ğŸ

TENTEZ DE GAGNER 
ğŸŒŸ GOD OF WAR RAGNÃ„ROK ğŸŒŸ SUR PlayStation 5 #CADEAU !!

Pour participer RT &amp; FOLLâ€¦"
153,Vargplays,Elf on the shelf and everywhere else. #PS4live (God of War)  live at https://t.co/BSIfCZhjsP
154,Rzrbk22,"@MadameBaz All those plus A Plague Tale Requiem would be on my play list. Probably none right away because it's going to be TemTem, Triangle Strategy, and Trails from Zero until November when God of War hits"
155,SanchezStark,Acabo de ver el trailer del God of War cinco veces seguidas yo no puedo mÃ¡s.
156,Claygunnerson,RT @NicolaSaviori: Kratos. Can't wait to play God of war Ragnarok #GodofWarRagnarok #Kratos https://t.co/LloDsmoBY7
157,SteYouLater24,@Wario64 God of war made it run does it really want march I mean that's probably ff16
158,lilrizk,@MilesDompier I don't know what they were thinking placing it next to God of War
159,darrell88384848,"@CruddiGamerDad @MysticTigress4 @thatoldgamerguy Iâ€™m half way through god of war on pc currently , I think itâ€™ll be good for mechanics to transition into the new one"
160,OsmanHiram,"RT @Caith_Sith: Se ha quedado una noche fantÃ¡stica para empezar la precuela de God of War Ragnarok, Valkyrie Elysium, y asÃ­ constatar si laâ€¦"
161,EastFallsLocal,"@thunderbrd1 @AllieMBltlfrog @FortuneMagazine All I have to say is there is always enough money to give rich people tax breaks, subsidies to corporations and industries, plenty of money for war but God forbid the actual people who are in need get a God damn dime. https://t.co/51Wnv113YF"
162,Skeletor242,"@tiradodobau Bully, god of war, god hand, mortal kombat, dbz budokai tekashi 3"
163,darrell88384848,"@thatoldgamerguy God of war will be for sure, plague tale Iâ€™m sure will be fine but goty , probably not"
164,_xe9_,"fyi it's not about ethnicity. there are dozens of ethnic groups living there. including ukrainians. god knows i have some very close relatives there who support this war. and i hate them just as much as the ethnic russians, or ethnic buryats or anyone else who lives there"
165,ragdollmom25,"RT @ChristIsComing5: On the precipice of war, famine and pestilence. Make sure you have received Christ as your Savior by believing the gosâ€¦"
166,DangeReinaldo,GOD OF WAR 2018 - Em Busca da Platina (Ps4) https://t.co/LK4EBMbIXU via @YouTube
167,HornyHorus666,"@jaredpalmer They want MRI but no way Jose it's mine. I want your/their bloodline to spill. I'm Mexican Egyptian American, reincarnated Horus God of War."
168,vyasrushi3,RT @Puertorock77_: @MldGhost Iâ€™m not deflecting on to XB I am showing you are being disingenuous. You donâ€™t care about the answer cause theâ€¦
169,Woody307ttv,Replayed God of War in anticipation of Ragnarok and BOY this game is a masterpiece!  #GodofWar #PS5Share https://t.co/tehcHsccUo
170,Kevin354912811,"RT @ossamaphotomode: 43 Days Left for 
God of War Ragnarok https://t.co/1fP0DzF1Xs"
171,birdtree3,"RT @ChristIsComing5: On the precipice of war, famine and pestilence. Make sure you have received Christ as your Savior by believing the gosâ€¦"
172,islam3500,"@Wppah Ø§ÙˆÙ„ Ø´ÙŠ Ù…Ø¨Ø±ÙˆÙƒ Ø§Ù„Ø¬Ù‡Ø§Ø² 
Ø§Ù…Ø§ Ø§Ù„Ø£Ù„Ø¹Ø§Ø¨ Ø§Ù„ÙŠ Ø§Ù†ØµØ­Ùƒ ÙÙŠÙ‡Ø§
COD War Zone
Dark Souls 3
God of war"
173,Nki19,If you love me buy me a ps5 and god of war ragnarok for my birthday
174,OasisvBlur,"@exileoftza @Kama_Kamilia @BravoKilo6464 @MarkisSkeptic Day of judgement, God is calling
On their knees, the war pigs crawling
Begging mercy for their sins
Satan laughing, spreads his wings
Oh lord, yeah! ğŸ¸"
175,HeliaTalks,Mars is named after the Roman God of War
176,Sarkonziptits0,There is a war between the god - realization of this realm And the  given non - waste product Non-given there will be a covering over of the revolution bye!
177,JayLong79306916,"That's using the full power of the Xbox. U guys release all that shovel ware is hurting ur own brand. Show the power , if The Coalition has a game with powerful graphics show something if Fable look great show something next level unreal 5 before God of war release..."
178,smongebob,God drafted me to war thinking I'm one of his toughest soldiers. Nigga I will end it all right now!
179,ChimmyTap,"worst plat of my life. God of War
Father and Son (PLATINUM)
#PlayStationTrophy
#GodofWar #PS5Share, #GodofWar https://t.co/vtMfRiNnYR"
180,Cindy7Lewis,"TRUE GOD *CRUSH&gt;""LIARS &amp; MURDERERS""+ SUPPORTERS of (*WILD BEAST=ALL GOV'T'S )
ON EARTH
STOOD AGAINST&gt;GOD'S RIGHTEOUS LAWS:
AGAINST CHRIST&gt;GOV/KINGDOM&gt;COMING SOON!
REAL WAR=GOD&gt;ARMAGEDDON
DESTROYS
ALL
*GOV'T'S
*MILITARY
*WEAPONSâœ“
PEACE PREVAILS
NO EVILDOERSâœ“
JUDGEMENT PERIOD=NOW"
181,Cindy7Lewis,"GOD FORTOLD:  KING of NRTH (Russia)
Comes Against KING of STH (AMERICA)
WAR ENSUES &amp; FAMINE, RECESSION, HOMELESS, MIGRANTS, MURDER of INNOCENT SOULS!
PUTIN TOOK ""PEACE AWAY"" From WORLD
For his STAY-in-POWER PLAY!
STAND For TRUTH!
STAND For TRUE GOD!
FIGHT *CORRUPT KREMLIN+PUTINâœ“"
182,Koulnis,"@AnneMunition @QuarterJade I mean, sounds like you have your outfit set for God of War and Hellblade 2?"
183,lowbasss,Rick and Morty ft. God of War Ragnarok ğŸ˜ğŸ˜ https://t.co/tZutBoIfbm
184,_Toxic_warlord,@NVIDIAGeForce @Palit_Global God of war ğŸ‘€
185,Kronos_Brisingr,RT @NicolaSaviori: Kratos. Can't wait to play God of war Ragnarok #GodofWarRagnarok #Kratos https://t.co/LloDsmoBY7
186,VGPNetwork,RT @GamersGamutYT: Finally replaying God of War again. There wasn't even a photo mode the last I played it. I forgot just how good this gamâ€¦
187,Blurryshrek,mas vai rodar God of War Ragnarok nisso? https://t.co/0FwVtE9HOs
188,FreakEco,"@thelonewolf28 I donâ€™t play a lot of RPGs or JRPGs.

That said, my favorites are God of War 2018 and KH2FM"
189,arbiLLibra2,"Our enemy is the power that exists in this world...

Our enemy is the perversion of it...

Now...Go Make War in God's Name and Don't Judge Yourself for Your WAR...because it was made for this moment and so many thousands of years brought you here..."
190,Aldemar56,@PlayStation_BR God of war joguinho de fase escroto! NÃ£o Ã© mundo aberto kkkkkk LIXO!
191,Jamesdanab,RT @AdamKinzinger: You can hear the desperation in the voices of these Russian mouthpieces.  â€œPlease oh God Please just end this war! Ya ouâ€¦
192,SnoHmm,"#GhostOfTsushima  #PS5Share, #GhostofTsushima Ø°ÙŠ ÙƒØ§Ù†Ù‡Ø§ Ø§Ù„ÙŠ Ø¨ God of war ØŸØŸ https://t.co/OgtXcWVFZ5"
193,Peace06112189,RT @AdamKinzinger: You can hear the desperation in the voices of these Russian mouthpieces.  â€œPlease oh God Please just end this war! Ya ouâ€¦
194,GTBBduzzit,"RT @TCMF2: Preorder locked in 

- PS5 | PlayStation | God of War Ragnarok https://t.co/UjBw7EkBWN"
195,_truthswordsa,"@smurfy1099 @WooWooSpaceJew @DarkCowboyGod @wiguy45 @PatricktheB @D1scoJerrys @Avic_Wins @Melanie33720945 @pray2pesci @remofjacob @The_Real_BiM @zypisfy @Canna420Uk @OnkelFester @willsworldview @_DenizenX @thorinajarooft @megafant1 @Ihonestlydont19 @KelvinLMorrison @dirk_fasshauer @hubie0 @Wolfpak561 @orna_verum @War_Artificer @Panimu @MucusMucous @kevin_witchell @JH747474 @AndrewRChapman @MindfulDamage @Raven4212 @StillDizzy2 @DementedHuman @RossGilroy @A_Damned_smith @BloodRedEye1 @1pckt @AwayFromTheKeys @BrianNazarenus @Mikethewander1 @OnlyaMoment3 @HaircutSpock @TRej2011 @ChrisHildabrant @ax2n38 @xxschlitzmaltxx @twisted_pies @PraiseHisName5O @Guy_JustaGuy3 I know, a fraud. Jesus is the Son of God. Jesus is God."
196,Mikelo972,RT @HeavenlyControl: This God of War Ragnarok trailer go me so hyped ğŸ˜© https://t.co/O223xxv8XL
197,5Hanser,RT @RominaTempest: Excited to share my portrait of the Heroes of Midgard for the God of War RagnarÃ¶k Family Portrait series! Created in colâ€¦
198,Buira5,Me pasÃ© todo el god of war sin saber que era un L3 https://t.co/b7Feo2cY4c
199,edyenlacocina,Voy a platinar God Of War aunque me tarde 6 meses ğŸ˜¡
200,tufong57,"RT @ChristIsComing5: On the precipice of war, famine and pestilence. Make sure you have received Christ as your Savior by believing the gosâ€¦"
201,MysticMsa3d,"RT @MysticMsa3d: Good luck to all PlayStation fans who are playing God of War  Ragnarok on a PS4 instead of a PS5.
https://t.co/BNJQTgK3tM"
202,Ellie_Snake,"RT @MysticRyan: Watching everyone replay various God of War games ahead of RagnarÃ¶ks release just to see everyone say ""Yeah this still hitsâ€¦"
203,ea_bad_bot,Fact:  God of War (2018) is saving the industry
204,MysticMsa3d,"These days I don't care.

Used to worry in 2018 because it was a big change for the God of War franchise + I wanted it to be good.

But playing the game is what matters.
All Ragnarok needs to do is be better than 2018 GoW. https://t.co/Fj8De7tOS1"
205,VelmaMoseley1,"Also been praying since the start of the war that God will speak to the world leaders especially ours in US that God will cause them to supply all the help Ukraine needs to protect itself, fight back &amp; win the war. So far God has been answering that prayers just like today $1.1 B"
206,MrStarTipper,Playing Part 4 of my God of War playthrough THIS SATURDAY (10/1/22) at 9:30AM CST in prep for RagnarÃ¶k!! Time to explore with Mr. Decapitated Head! https://t.co/rvqE5dZF40 #ps5 #ps4 #playstation #playstation5 #godofwar #GodofWarRagnarok #kratos #gamers #gamer #games #Ragnarok https://t.co/nvoySdw2zl
207,PlaystationMami,"@Videlsports Yes*!

*Until God of War drops then I'm doing a juggling act ğŸ˜…

*I also need them to drop more Collector Editions since Amazon though it would be funny to cancel my pre-order ğŸ˜¤ https://t.co/mileb8oxvq"
208,GamersGamutYT,"Finally replaying God of War again. There wasn't even a photo mode the last I played it. I forgot just how good this game is. #VGPUnite #PlayStation #PS5 #PS5Share, #GodofWar #GodOfWarRagnarok https://t.co/1Z6BeO0mLd"
209,CH_cedric_,"RT @TCMF2: Preorder locked in 

- PS5 | PlayStation | God of War Ragnarok https://t.co/UjBw7EkBWN"
210,brokemyninja,@SixStringHeroX @not_rumble @_gaming1 @M047xsx7 The same guy that deleted and reposted the same Starfield vs God of War Ragnarok poll 3 or 4 times. Last one went private to get only his Xbox friends to vote then opened his profile back up saying he finally got a legit winner. Something close enough to a stolen election ğŸ¤£ğŸ˜‚
211,FoophaD,@IronPineapple_ Same god of war and Bloodborne ğŸ¤£
212,jimjudistar,RT @AdamKinzinger: You can hear the desperation in the voices of these Russian mouthpieces.  â€œPlease oh God Please just end this war! Ya ouâ€¦
213,ImJimbo1996,RT @HeavenlyControl: This God of War Ragnarok trailer go me so hyped ğŸ˜© https://t.co/O223xxv8XL
214,Loathingsoul,"@corybarlog random question I had while replaying God Of War in prep for Ragnarok, is it canon that Kratos &amp; Atreus did everything? (100% the game)"
215,Jaxonisgay,@knyune Time to cop the god of war one /j
216,mujaya_,"There is a war to be fought, regardless of your side, devil or God (youâ€™re fighting both, simultaneously. The devil is God and so are you. God fighting God, Israel, â€œstruggles with Godâ€). So why engage in self-flagellation instead of fighting? You are going to suffer either way."
217,Athena_kbot,ì´í•´ê°€ ì•ˆë˜ëŠ” ê±°ì•¼? #Athena #God_of_War
218,Helios_kbot,ë‚  ì¢€ ì‚´ë ¤ì¤˜. #Helios #God_of_War
219,Gaia_kbot,í•˜ë‚˜ì˜ ì „ì„¤ì´ ê·¸ë“¤ê³¼ ì–´ê¹¨ë¥¼ ê²¬ì£¼ê³ ì ë‚˜íƒ€ë‚¬ë‹¤. #Gaia #God_of_War
220,slademoore0824,Check out my broadcast from my PlayStation 4! #PS4live (God of War)  live at https://t.co/OIV7uNnsvu
221,Ares_kbot,ë‚´ ëª…ë ¹ì— ë³µì¢…í–ˆì–´ì•¼ í–ˆë‹¤. í¬ë ˆí† ìŠ¤! #Ares #God_of_War
222,turokorb25,"@SMGxPrincessirl If twisted metal black/DefJam fight for NY 
But I'd buy God of War and pre order Ragnarok"
223,MaD_2607,RT @HeavenlyControl: This God of War Ragnarok trailer go me so hyped ğŸ˜© https://t.co/O223xxv8XL
224,JamesMac064,RT @copesint: Oh no oh my god weâ€™re going to have to go to war with our ally Germany oh god oh fuck Iâ€™ve heard legends of how well the Bundâ€¦
225,TheMonsterBott,@NVIDIAGeForce @Palit_Global GOD OF WAR DUHHHHH
226,Ilyas4ML,"It's the exact thing in God Of War. But Kratos was a better character, and he offed that mf's neck ğŸ˜­ https://t.co/rxSMlIYDKW"
227,Vigilo,RT @AdamKinzinger: You can hear the desperation in the voices of these Russian mouthpieces.  â€œPlease oh God Please just end this war! Ya ouâ€¦
228,izzyswhitesock,"RT @KinleysWRLD: WE ARE THE GOD OF WAR 

https://t.co/ehNK2Jnizw

https://t.co/ehNK2Jnizw

https://t.co/ehNK2Jnizw https://t.co/tb3gUTVomx"
229,KinleysWRLD,"WE ARE THE GOD OF WAR 

https://t.co/ehNK2Jnizw

https://t.co/ehNK2Jnizw

https://t.co/ehNK2Jnizw https://t.co/tb3gUTVomx"
230,iceman_turner,"@LaixoLai ""Do not be sorry be better""-Kratos God of war (2018)"
231,TrmHunh24012k,God of War 4 (2018) PC Download + Full Game for Free [UPDATED 2022] https://t.co/dtGOZPIAGC via @YouTube
232,fabregaspastore,"@PMS_Jordan It's on the Nvidia Leak, that's confirmation from the start cause that leak doesn't miss. God of War, Sackboy, GT7, Ghost and HFW were also on the list."
233,dannk__1,"Solo necesito 2 cosas para ser feliz, alguien q me abrace y me haga mimitos en el pelo y el nuevo god of war ragnarok, y una de esas 2 cosas ya tengo aseguradas"
234,JaredMayes3,"RT @TCMF2: Preorder locked in 

- PS5 | PlayStation | God of War Ragnarok https://t.co/UjBw7EkBWN"
235,DaAlcantaraVin,"RT @ItzVarun_____: God Of War Wallpaper! âš¡

#GodofWarRagnarok 
#GodOfWar #PlayStation5 https://t.co/qojhsqpgbY"
236,csaltz7777,"RT @ChristIsComing5: On the precipice of war, famine and pestilence. Make sure you have received Christ as your Savior by believing the gosâ€¦"
237,DitullioMary,"RT @ChristIsComing5: On the precipice of war, famine and pestilence. Make sure you have received Christ as your Savior by believing the gosâ€¦"
238,GaggedSasuke,"RT @Farore5: â€œI have a crush on every God of War!â€
ğŸ¹ğŸ¹ğŸ¹ğŸ¹  ğŸ¹ğŸ¹ğŸ¹ğŸ¹ğŸ¹ğŸ¹ https://t.co/zLMaFaEreg"
239,steddiflo1,"RT @MysticRyan: Watching everyone replay various God of War games ahead of RagnarÃ¶ks release just to see everyone say ""Yeah this still hitsâ€¦"
240,RoshadLamar,Playing through God of War PS4 for the first time. Gameplay upload coming tomorrow most likely. Road to Ragnarok.
241,gaurav_jagad,RT @ayushsi8679: @cogitoiam Just see the number of likes under pfi's tweets..my god ...kitne baithe is desh me jo border par kam karte he .â€¦
242,TrustyPatches9,@sketchxanax You should've heard the original plan for the god of war series its fucking goofy
243,EliasSantos89,RT @HeavenlyControl: This God of War Ragnarok trailer go me so hyped ğŸ˜© https://t.co/O223xxv8XL
244,Musical1250,"@ztlaidlaw Thereâ€™s loads of games that I have bought on Steam/Epic that my PC could never run, purely just to play in GeForce Now, most recently being God of War.

Hopefully in time more developers/publishers will get on board!"
245,WallWatchmanRC,"RT @ChristIsComing5: On the precipice of war, famine and pestilence. Make sure you have received Christ as your Savior by believing the gosâ€¦"
246,jerome49514801,"RT @Kiwii69100: ğŸ #CONCOURS ğŸ #GRATUIT ğŸ

TENTEZ DE GAGNER 
ğŸŒŸ GOD OF WAR RAGNÃ„ROK ğŸŒŸ SUR PlayStation 5 #CADEAU !!

Pour participer RT &amp; FOLLâ€¦"
247,UZZIBADMEN,"@PritskasG Super Ï„Î¿ ÎµÏ€Î¹ÏƒÏŒÎ´ÎµÎ¹Î¿!

Î¤Î¯Ï„Î»Î¿Î¹ Î³Î¹Î± part 2
GTA
Need for speed
Dark Souls
Warcraft
Diablo
Metal Gear
God of war
Fallout
Bioschock
Tony Hawk
Gears of war 
Castlevania
Mass effect"
248,HiimSteve20,@WitcherPixel God of war
249,Ditaeon,"https://t.co/fNlBobKXPp

God of War (PC)

Second phase to my Fist only Boss Fight

#GodofWar , #BossFight , #Baldur , #PhaseTwo , #NewGame+ , #fyp"
250,moereese77,"The God of War drinking game.
Everytime Kratos says boy, take a shot. You'll be drunk in the first 30 minutes of the game."
251,cwharris773,RT @Rich091385Kelly: What in The War Of Worlds! My god!
252,DaAlcantaraVin,"RT @ossamaphotomode: 43 Days Left for 
God of War Ragnarok https://t.co/1fP0DzF1Xs"
253,Dice_79,"@J0KER218 @dm_ragnarok @JotaplayPS @BendStudio pues yo no he visto que digan que se cancela hasta nuevo aviso, ni tampoco que ha vendido lo mismo que GoT, lo que si vi en el reporte financiero de sony es que days gone vendiÃ³ en pc lo mismo que god of war, solo que days gone ya llevaba 1 aÃ±o y medio y gow en menos de 6 meses"
254,whakabudu,"@WesNemo 
To play the blew Spider-Man I need to win this giveaway for the ps5, and the game would be God of war ragnarok. My PSN used to be KRATOS_7051 so I got to go with my all time favourite game series https://t.co/BcSZbexXqS"
255,TheSypherSin,"RT @Lule781: ""The Invincible God of War"" is an absolutely perfect comic! It's living rent free in my head!

#ameart #lookism #anime
 https:â€¦"
256,happyadrian_,RT @HeavenlyControl: This God of War Ragnarok trailer go me so hyped ğŸ˜© https://t.co/O223xxv8XL
257,jeonteku,yo hace un mes jugando god of war con mi hermano https://t.co/6Pwz4qr5ng
258,Zee66294943,@NVIDIAGeForce @Palit_Global Dota 2 and god of war
259,Ditaeon,"God of War (PC)

Train wrecking two Werewolves

No chance for them to retaliate. LOL.

#GodofWar , #FlawlessFight , #WereWolf , #NewGame+ , #slices , #fyp https://t.co/rW7Fz14lBA"
260,Gabriel34220545,RT @Gabriel34220545: Ukraine's Zelenskyy says Russian government doesn't care who dies in war https://t.co/Qq46k5VKio God bless freedom andâ€¦
261,Gabriel34220545,"Ukraine's Zelenskyy says Russian government doesn't care who dies in war https://t.co/Qq46k5VKio God bless freedom and truth and love and understanding and peace, for Ukraine &amp; Russia, Yemen, Myanmar, Afghanistan &amp; all places + souls, God bless being free of all oppressors, amen."
262,MandoJedi05,RT @NicolaSaviori: Kratos. Can't wait to play God of war Ragnarok #GodofWarRagnarok #Kratos https://t.co/LloDsmoBY7
263,taldomuller,"Jogar god of war, hj zero essa porra"
264,BaysingerTodd,RT @AdamKinzinger: You can hear the desperation in the voices of these Russian mouthpieces.  â€œPlease oh God Please just end this war! Ya ouâ€¦
265,buroli68,RT @HeavenlyControl: This God of War Ragnarok trailer go me so hyped ğŸ˜© https://t.co/O223xxv8XL
266,SipkeStorm,"@ElementHope @AGwraig @AmericanAtheist Oh please, your the Canaanite war god Yahweh was a murderous sack of shit, just like plenty of those that follow him. You want to pretend the inquisitions never happened?"
267,Cris_Unter,Sinceramente lo Ãºnico que le pido a God Of War Ragnarok es que su Gameplay sea mejor que el del anterior porque en historia lo veo muy complicado de superar. https://t.co/FOP35Lxq1B
268,drakkmonster,On est live avec plus de God of war 3 ZEUUUSSSSSSS!!!!! https://t.co/NhKFwMfbhJ
269,ACarolinneUS5,RT @HeavenlyControl: This God of War Ragnarok trailer go me so hyped ğŸ˜© https://t.co/O223xxv8XL
270,ToddDoty8,"RT @ChristIsComing5: On the precipice of war, famine and pestilence. Make sure you have received Christ as your Savior by believing the gosâ€¦"
271,2gether_prem,"RT @TCMF2: Preorder locked in 

- PS5 | PlayStation | God of War Ragnarok https://t.co/UjBw7EkBWN"
272,AchillesWG,"@SupportingStre3 Watched Troy, and have liked Ares the God of War for as long as I can remember"
273,JackitalJi,@NVIDIAGeForce @Palit_Global God of war
274,TheFarleyDance,"RT @TCMF2: Preorder locked in 

- PS5 | PlayStation | God of War Ragnarok https://t.co/UjBw7EkBWN"
275,oortiz__,RT @NicolaSaviori: Kratos. Can't wait to play God of war Ragnarok #GodofWarRagnarok #Kratos https://t.co/LloDsmoBY7
276,SatishK01118315,"RT @ChinarcorpsIA: â€œğğ¥ğ¨ğ¨ğ, ğ†ğ®ğ­ğ¬ &amp; ğ†ğ¥ğ¨ğ«ğ²â€

A toast to all the Gunners, to their fighting spirit &amp; their Guns.
Saluting the â€œGod of Warâ€.
Wisâ€¦"
277,Zriew_,"@SMGxPrincessirl SF6 beta, or the new god of war"
278,SourdifJ,RT @AdamKinzinger: You can hear the desperation in the voices of these Russian mouthpieces.  â€œPlease oh God Please just end this war! Ya ouâ€¦
279,AbeFrom66194315,@Wario64 Long shot but if you hear of anything regarding pre-orders coming back up for God of War Jotnor edition I'd appreciate a tag. Understand if you can't/won't. Appreciate you and what you do. Cheers! ğŸ™‚
280,spartandrengr,RT @NicolaSaviori: Kratos. Can't wait to play God of war Ragnarok #GodofWarRagnarok #Kratos https://t.co/LloDsmoBY7
281,LonghairTatum,"RT @SnapsCube: god of war soon :)

but be warned

the stream will be Sleepy"
282,scarecrow443,"RT @theJOSHfeedYT: GOD OF WAR ON GIVE ME GOD OF WAR DIFFICULTY IS COMPLETE! Including all Valkyries. I feel accomplished after that!

I'llâ€¦"
283,YR2TO,RT @HeavenlyControl: This God of War Ragnarok trailer go me so hyped ğŸ˜© https://t.co/O223xxv8XL
284,theJOSHfeedYT,"GOD OF WAR ON GIVE ME GOD OF WAR DIFFICULTY IS COMPLETE! Including all Valkyries. I feel accomplished after that!

I'll be back in a couple days. In the meantime, parts 7 &amp; 8 of Valkyrie Elysium are live for you. Leave your love on them for me!Links in the tweet below!"
285,Almi97844688,"RT @RealHauleGluck: I am a plain ordinary human in the service of other humans: Jesus Christ called us to â€˜serveâ€™, you cannot serve both Goâ€¦"
286,Dess1823,"@Belgium4T ğŸ˜² how can you say that when XC3 exists as a contender? That game was pure kino. I havent played ER yet, but I'm sure that game was fire too. Crazy how some people think it will be God of War, more like Mid of War."
287,Flxxckstarkid4,Check out my broadcast PU$$Y (God of War) Mxsterflaacko on all platforms!!!!! live at https://t.co/P63OsG3n47
288,hayleyhitshare,RT @NicolaSaviori: Kratos. Can't wait to play God of war Ragnarok #GodofWarRagnarok #Kratos https://t.co/LloDsmoBY7
289,ComicsKade,@WoahEmil God of war
290,_JanusMichaelz_,@NVIDIAGeForce @Palit_Global God of war / spiderman
291,MysticMsa3d,"I wish every God of War game pre 2018 was accessible normally on PS5 &amp; not via streaming.
Only God of War 3 can be played normally. https://t.co/jAeEr5PLaV"
292,BickleKun,"@HookLineVG Let me break it down for you. PlayStation pony is considered â€œreal gamesâ€ to be god of war style heavily narrative cinematic games. If you donâ€™t have those by the score even though you have things that sell better, they arenâ€™t real games"
293,UkiDuke,"RT @Arianna_327: Meme WISH from Discord birbs 

The way that God of War proposeğŸ˜‚

#Ennead #ì—”ë„¤ì•„ë“œ https://t.co/z54el2NwoB"
294,_Jei_Albert_,Â¡Mira la transmisiÃ³n de mi PlayStation 4! #PS4live (God of War)  live at https://t.co/W4fnBnaiIW
295,NivethaFanTrend,"RT @ItzVarun_____: Kratos | God of War 

#GodofWarRagnarok 
#GodOfWar #Playstation5 https://t.co/G7X0HE7SJ5"
296,SM_Wolmarans,"RT @ApostleEric: New Breed of Christian https://t.co/lgro9fTLSU
2Sam.3:1 was long war between the house of Saul &amp; the house of DavidğŸ¤”
ğŸ‘‰bothâ€¦"
297,NunesRengoku,"@LeonLabs PERA AE N CHAME ELA.
Mas falando nela... Pq a Clotho existe? Isso aq n Ã© god of war"
298,Leclercjeremy45,"RT @Kiwii69100: ğŸ #CONCOURS ğŸ #GRATUIT ğŸ

TENTEZ DE GAGNER 
ğŸŒŸ GOD OF WAR RAGNÃ„ROK ğŸŒŸ SUR PlayStation 5 #CADEAU !!

Pour participer RT &amp; FOLLâ€¦"
299,Vinniemack23,"@SMGxPrincessirl Ima get it for God of War Ragnarok. Then play some of the previous released exclusives. Forbidden west, ghost of tushima. M"
